base_dir	moduleclass	module	version	toolchain	toolchainversion	versionsuffix	ebfile
easybuild-cloned-repositories/easybuild-easyconfigs/easybuild/easyconfigs/c	toolchain	CrayCCE	19.06	SYSTEM	SYSTEM		easybuild-cloned-repositories/easybuild-easyconfigs/easybuild/easyconfigs/c/CrayCCE/CrayCCE-19.06.eb
easybuild-cloned-repositories/easybuild-easyconfigs/easybuild/easyconfigs/c	toolchain	CrayGNU	19.06	SYSTEM	SYSTEM		easybuild-cloned-repositories/easybuild-easyconfigs/easybuild/easyconfigs/c/CrayGNU/CrayGNU-19.06.eb
easybuild-cloned-repositories/easybuild-easyconfigs/easybuild/easyconfigs/c	toolchain	CrayIntel	19.06	SYSTEM	SYSTEM		easybuild-cloned-repositories/easybuild-easyconfigs/easybuild/easyconfigs/c/CrayIntel/CrayIntel-19.06.eb
easybuild-cloned-repositories/easybuild-easyconfigs/easybuild/easyconfigs/c	toolchain	CrayPGI	19.06	SYSTEM	SYSTEM		easybuild-cloned-repositories/easybuild-easyconfigs/easybuild/easyconfigs/c/CrayPGI/CrayPGI-19.06.eb
easybuild-cloned-repositories/easybuild-easyconfigs/easybuild/easyconfigs/f	toolchain	ffmpi	4.5.0	SYSTEM	SYSTEM		easybuild-cloned-repositories/easybuild-easyconfigs/easybuild/easyconfigs/f/ffmpi/ffmpi-4.5.0.eb
easybuild-cloned-repositories/easybuild-easyconfigs/easybuild/easyconfigs/f	toolchain	foss	2016.04	SYSTEM	SYSTEM		easybuild-cloned-repositories/easybuild-easyconfigs/easybuild/easyconfigs/f/foss/foss-2016.04.eb
easybuild-cloned-repositories/easybuild-easyconfigs/easybuild/easyconfigs/f	toolchain	foss	2016.06	SYSTEM	SYSTEM		easybuild-cloned-repositories/easybuild-easyconfigs/easybuild/easyconfigs/f/foss/foss-2016.06.eb
easybuild-cloned-repositories/easybuild-easyconfigs/easybuild/easyconfigs/f	toolchain	foss	2016.07	SYSTEM	SYSTEM		easybuild-cloned-repositories/easybuild-easyconfigs/easybuild/easyconfigs/f/foss/foss-2016.07.eb
easybuild-cloned-repositories/easybuild-easyconfigs/easybuild/easyconfigs/f	toolchain	foss	2016.09	SYSTEM	SYSTEM		easybuild-cloned-repositories/easybuild-easyconfigs/easybuild/easyconfigs/f/foss/foss-2016.09.eb
easybuild-cloned-repositories/easybuild-easyconfigs/easybuild/easyconfigs/f	toolchain	foss	2016a	SYSTEM	SYSTEM		easybuild-cloned-repositories/easybuild-easyconfigs/easybuild/easyconfigs/f/foss/foss-2016a.eb
easybuild-cloned-repositories/easybuild-easyconfigs/easybuild/easyconfigs/f	toolchain	foss	2016b	SYSTEM	SYSTEM		easybuild-cloned-repositories/easybuild-easyconfigs/easybuild/easyconfigs/f/foss/foss-2016b.eb
easybuild-cloned-repositories/easybuild-easyconfigs/easybuild/easyconfigs/f	toolchain	foss	2017a	SYSTEM	SYSTEM		easybuild-cloned-repositories/easybuild-easyconfigs/easybuild/easyconfigs/f/foss/foss-2017a.eb
easybuild-cloned-repositories/easybuild-easyconfigs/easybuild/easyconfigs/f	toolchain	foss	2017b	SYSTEM	SYSTEM		easybuild-cloned-repositories/easybuild-easyconfigs/easybuild/easyconfigs/f/foss/foss-2017b.eb
easybuild-cloned-repositories/easybuild-easyconfigs/easybuild/easyconfigs/f	toolchain	foss	2018.08	SYSTEM	SYSTEM		easybuild-cloned-repositories/easybuild-easyconfigs/easybuild/easyconfigs/f/foss/foss-2018.08.eb
easybuild-cloned-repositories/easybuild-easyconfigs/easybuild/easyconfigs/f	toolchain	foss	2018a	SYSTEM	SYSTEM		easybuild-cloned-repositories/easybuild-easyconfigs/easybuild/easyconfigs/f/foss/foss-2018a.eb
easybuild-cloned-repositories/easybuild-easyconfigs/easybuild/easyconfigs/f	toolchain	foss	2018b	SYSTEM	SYSTEM		easybuild-cloned-repositories/easybuild-easyconfigs/easybuild/easyconfigs/f/foss/foss-2018b.eb
easybuild-cloned-repositories/easybuild-easyconfigs/easybuild/easyconfigs/f	toolchain	foss	2019a	SYSTEM	SYSTEM		easybuild-cloned-repositories/easybuild-easyconfigs/easybuild/easyconfigs/f/foss/foss-2019a.eb
easybuild-cloned-repositories/easybuild-easyconfigs/easybuild/easyconfigs/f	toolchain	foss	2019b	SYSTEM	SYSTEM		easybuild-cloned-repositories/easybuild-easyconfigs/easybuild/easyconfigs/f/foss/foss-2019b.eb
easybuild-cloned-repositories/easybuild-easyconfigs/easybuild/easyconfigs/f	toolchain	foss	2020a	SYSTEM	SYSTEM		easybuild-cloned-repositories/easybuild-easyconfigs/easybuild/easyconfigs/f/foss/foss-2020a.eb
easybuild-cloned-repositories/easybuild-easyconfigs/easybuild/easyconfigs/f	toolchain	foss	2020b	SYSTEM	SYSTEM		easybuild-cloned-repositories/easybuild-easyconfigs/easybuild/easyconfigs/f/foss/foss-2020b.eb
easybuild-cloned-repositories/easybuild-easyconfigs/easybuild/easyconfigs/f	toolchain	foss	2021a	SYSTEM	SYSTEM		easybuild-cloned-repositories/easybuild-easyconfigs/easybuild/easyconfigs/f/foss/foss-2021a.eb
easybuild-cloned-repositories/easybuild-easyconfigs/easybuild/easyconfigs/f	toolchain	foss	2021b	SYSTEM	SYSTEM		easybuild-cloned-repositories/easybuild-easyconfigs/easybuild/easyconfigs/f/foss/foss-2021b.eb
easybuild-cloned-repositories/easybuild-easyconfigs/easybuild/easyconfigs/f	toolchain	foss	2022.05	SYSTEM	SYSTEM		easybuild-cloned-repositories/easybuild-easyconfigs/easybuild/easyconfigs/f/foss/foss-2022.05.eb
easybuild-cloned-repositories/easybuild-easyconfigs/easybuild/easyconfigs/f	toolchain	foss	2022.10	SYSTEM	SYSTEM		easybuild-cloned-repositories/easybuild-easyconfigs/easybuild/easyconfigs/f/foss/foss-2022.10.eb
easybuild-cloned-repositories/easybuild-easyconfigs/easybuild/easyconfigs/f	toolchain	foss	2022a	SYSTEM	SYSTEM		easybuild-cloned-repositories/easybuild-easyconfigs/easybuild/easyconfigs/f/foss/foss-2022a.eb
easybuild-cloned-repositories/easybuild-easyconfigs/easybuild/easyconfigs/f	toolchain	foss	2022b	SYSTEM	SYSTEM		easybuild-cloned-repositories/easybuild-easyconfigs/easybuild/easyconfigs/f/foss/foss-2022b.eb
easybuild-cloned-repositories/easybuild-easyconfigs/easybuild/easyconfigs/f	toolchain	foss	2023.09	SYSTEM	SYSTEM		easybuild-cloned-repositories/easybuild-easyconfigs/easybuild/easyconfigs/f/foss/foss-2023.09.eb
easybuild-cloned-repositories/easybuild-easyconfigs/easybuild/easyconfigs/f	toolchain	foss	2023a	SYSTEM	SYSTEM		easybuild-cloned-repositories/easybuild-easyconfigs/easybuild/easyconfigs/f/foss/foss-2023a.eb
easybuild-cloned-repositories/easybuild-easyconfigs/easybuild/easyconfigs/f	toolchain	foss	2023b	SYSTEM	SYSTEM		easybuild-cloned-repositories/easybuild-easyconfigs/easybuild/easyconfigs/f/foss/foss-2023b.eb
easybuild-cloned-repositories/easybuild-easyconfigs/easybuild/easyconfigs/f	toolchain	fosscuda	2017b	SYSTEM	SYSTEM		easybuild-cloned-repositories/easybuild-easyconfigs/easybuild/easyconfigs/f/fosscuda/fosscuda-2017b.eb
easybuild-cloned-repositories/easybuild-easyconfigs/easybuild/easyconfigs/f	toolchain	fosscuda	2018a	SYSTEM	SYSTEM		easybuild-cloned-repositories/easybuild-easyconfigs/easybuild/easyconfigs/f/fosscuda/fosscuda-2018a.eb
easybuild-cloned-repositories/easybuild-easyconfigs/easybuild/easyconfigs/f	toolchain	fosscuda	2018b	SYSTEM	SYSTEM		easybuild-cloned-repositories/easybuild-easyconfigs/easybuild/easyconfigs/f/fosscuda/fosscuda-2018b.eb
easybuild-cloned-repositories/easybuild-easyconfigs/easybuild/easyconfigs/f	toolchain	fosscuda	2019a	SYSTEM	SYSTEM		easybuild-cloned-repositories/easybuild-easyconfigs/easybuild/easyconfigs/f/fosscuda/fosscuda-2019a.eb
easybuild-cloned-repositories/easybuild-easyconfigs/easybuild/easyconfigs/f	toolchain	fosscuda	2019b	SYSTEM	SYSTEM		easybuild-cloned-repositories/easybuild-easyconfigs/easybuild/easyconfigs/f/fosscuda/fosscuda-2019b.eb
easybuild-cloned-repositories/easybuild-easyconfigs/easybuild/easyconfigs/f	toolchain	fosscuda	2020a	SYSTEM	SYSTEM		easybuild-cloned-repositories/easybuild-easyconfigs/easybuild/easyconfigs/f/fosscuda/fosscuda-2020a.eb
easybuild-cloned-repositories/easybuild-easyconfigs/easybuild/easyconfigs/f	toolchain	fosscuda	2020b	SYSTEM	SYSTEM		easybuild-cloned-repositories/easybuild-easyconfigs/easybuild/easyconfigs/f/fosscuda/fosscuda-2020b.eb
easybuild-cloned-repositories/easybuild-easyconfigs/easybuild/easyconfigs/f	toolchain	Fujitsu	21.05	SYSTEM	SYSTEM		easybuild-cloned-repositories/easybuild-easyconfigs/easybuild/easyconfigs/f/Fujitsu/Fujitsu-21.05.eb
easybuild-cloned-repositories/easybuild-easyconfigs/easybuild/easyconfigs/g	toolchain	gcccuda	2016.08	SYSTEM	SYSTEM		easybuild-cloned-repositories/easybuild-easyconfigs/easybuild/easyconfigs/g/gcccuda/gcccuda-2016.08.eb
easybuild-cloned-repositories/easybuild-easyconfigs/easybuild/easyconfigs/g	toolchain	gcccuda	2017b	SYSTEM	SYSTEM		easybuild-cloned-repositories/easybuild-easyconfigs/easybuild/easyconfigs/g/gcccuda/gcccuda-2017b.eb
easybuild-cloned-repositories/easybuild-easyconfigs/easybuild/easyconfigs/g	toolchain	gcccuda	2018a	SYSTEM	SYSTEM		easybuild-cloned-repositories/easybuild-easyconfigs/easybuild/easyconfigs/g/gcccuda/gcccuda-2018a.eb
easybuild-cloned-repositories/easybuild-easyconfigs/easybuild/easyconfigs/g	toolchain	gcccuda	2018b	SYSTEM	SYSTEM		easybuild-cloned-repositories/easybuild-easyconfigs/easybuild/easyconfigs/g/gcccuda/gcccuda-2018b.eb
easybuild-cloned-repositories/easybuild-easyconfigs/easybuild/easyconfigs/g	toolchain	gcccuda	2019a	SYSTEM	SYSTEM		easybuild-cloned-repositories/easybuild-easyconfigs/easybuild/easyconfigs/g/gcccuda/gcccuda-2019a.eb
easybuild-cloned-repositories/easybuild-easyconfigs/easybuild/easyconfigs/g	toolchain	gcccuda	2019b	SYSTEM	SYSTEM		easybuild-cloned-repositories/easybuild-easyconfigs/easybuild/easyconfigs/g/gcccuda/gcccuda-2019b.eb
easybuild-cloned-repositories/easybuild-easyconfigs/easybuild/easyconfigs/g	toolchain	gcccuda	2020a	SYSTEM	SYSTEM		easybuild-cloned-repositories/easybuild-easyconfigs/easybuild/easyconfigs/g/gcccuda/gcccuda-2020a.eb
easybuild-cloned-repositories/easybuild-easyconfigs/easybuild/easyconfigs/g	toolchain	gcccuda	2020b	SYSTEM	SYSTEM		easybuild-cloned-repositories/easybuild-easyconfigs/easybuild/easyconfigs/g/gcccuda/gcccuda-2020b.eb
easybuild-cloned-repositories/easybuild-easyconfigs/easybuild/easyconfigs/g	toolchain	gfbf	2022a	SYSTEM	SYSTEM		easybuild-cloned-repositories/easybuild-easyconfigs/easybuild/easyconfigs/g/gfbf/gfbf-2022a.eb
easybuild-cloned-repositories/easybuild-easyconfigs/easybuild/easyconfigs/g	toolchain	gfbf	2022b	SYSTEM	SYSTEM		easybuild-cloned-repositories/easybuild-easyconfigs/easybuild/easyconfigs/g/gfbf/gfbf-2022b.eb
easybuild-cloned-repositories/easybuild-easyconfigs/easybuild/easyconfigs/g	toolchain	gfbf	2023.09	SYSTEM	SYSTEM		easybuild-cloned-repositories/easybuild-easyconfigs/easybuild/easyconfigs/g/gfbf/gfbf-2023.09.eb
easybuild-cloned-repositories/easybuild-easyconfigs/easybuild/easyconfigs/g	toolchain	gfbf	2023a	SYSTEM	SYSTEM		easybuild-cloned-repositories/easybuild-easyconfigs/easybuild/easyconfigs/g/gfbf/gfbf-2023a.eb
easybuild-cloned-repositories/easybuild-easyconfigs/easybuild/easyconfigs/g	toolchain	gfbf	2023b	SYSTEM	SYSTEM		easybuild-cloned-repositories/easybuild-easyconfigs/easybuild/easyconfigs/g/gfbf/gfbf-2023b.eb
easybuild-cloned-repositories/easybuild-easyconfigs/easybuild/easyconfigs/g	toolchain	gfbf	2024.05	SYSTEM	SYSTEM		easybuild-cloned-repositories/easybuild-easyconfigs/easybuild/easyconfigs/g/gfbf/gfbf-2024.05.eb
easybuild-cloned-repositories/easybuild-easyconfigs/easybuild/easyconfigs/g	toolchain	gimkl	2.11.5	SYSTEM	SYSTEM		easybuild-cloned-repositories/easybuild-easyconfigs/easybuild/easyconfigs/g/gimkl/gimkl-2.11.5.eb
easybuild-cloned-repositories/easybuild-easyconfigs/easybuild/easyconfigs/g	toolchain	gimkl	2017a	SYSTEM	SYSTEM		easybuild-cloned-repositories/easybuild-easyconfigs/easybuild/easyconfigs/g/gimkl/gimkl-2017a.eb
easybuild-cloned-repositories/easybuild-easyconfigs/easybuild/easyconfigs/g	toolchain	gimkl	2018b	SYSTEM	SYSTEM		easybuild-cloned-repositories/easybuild-easyconfigs/easybuild/easyconfigs/g/gimkl/gimkl-2018b.eb
easybuild-cloned-repositories/easybuild-easyconfigs/easybuild/easyconfigs/g	toolchain	gimpi	2.11.5	SYSTEM	SYSTEM		easybuild-cloned-repositories/easybuild-easyconfigs/easybuild/easyconfigs/g/gimpi/gimpi-2.11.5.eb
easybuild-cloned-repositories/easybuild-easyconfigs/easybuild/easyconfigs/g	toolchain	gimpi	2017a	SYSTEM	SYSTEM		easybuild-cloned-repositories/easybuild-easyconfigs/easybuild/easyconfigs/g/gimpi/gimpi-2017a.eb
easybuild-cloned-repositories/easybuild-easyconfigs/easybuild/easyconfigs/g	toolchain	gimpi	2017b	SYSTEM	SYSTEM		easybuild-cloned-repositories/easybuild-easyconfigs/easybuild/easyconfigs/g/gimpi/gimpi-2017b.eb
easybuild-cloned-repositories/easybuild-easyconfigs/easybuild/easyconfigs/g	toolchain	gimpi	2018a	SYSTEM	SYSTEM		easybuild-cloned-repositories/easybuild-easyconfigs/easybuild/easyconfigs/g/gimpi/gimpi-2018a.eb
easybuild-cloned-repositories/easybuild-easyconfigs/easybuild/easyconfigs/g	toolchain	gimpi	2018b	SYSTEM	SYSTEM		easybuild-cloned-repositories/easybuild-easyconfigs/easybuild/easyconfigs/g/gimpi/gimpi-2018b.eb
easybuild-cloned-repositories/easybuild-easyconfigs/easybuild/easyconfigs/g	toolchain	gimpic	2017b	SYSTEM	SYSTEM		easybuild-cloned-repositories/easybuild-easyconfigs/easybuild/easyconfigs/g/gimpic/gimpic-2017b.eb
easybuild-cloned-repositories/easybuild-easyconfigs/easybuild/easyconfigs/g	toolchain	giolf	2017b	SYSTEM	SYSTEM		easybuild-cloned-repositories/easybuild-easyconfigs/easybuild/easyconfigs/g/giolf/giolf-2017b.eb
easybuild-cloned-repositories/easybuild-easyconfigs/easybuild/easyconfigs/g	toolchain	giolf	2018a	SYSTEM	SYSTEM		easybuild-cloned-repositories/easybuild-easyconfigs/easybuild/easyconfigs/g/giolf/giolf-2018a.eb
easybuild-cloned-repositories/easybuild-easyconfigs/easybuild/easyconfigs/g	toolchain	giolfc	2017b	SYSTEM	SYSTEM		easybuild-cloned-repositories/easybuild-easyconfigs/easybuild/easyconfigs/g/giolfc/giolfc-2017b.eb
easybuild-cloned-repositories/easybuild-easyconfigs/easybuild/easyconfigs/g	toolchain	gmpich	2016a	SYSTEM	SYSTEM		easybuild-cloned-repositories/easybuild-easyconfigs/easybuild/easyconfigs/g/gmpich/gmpich-2016a.eb
easybuild-cloned-repositories/easybuild-easyconfigs/easybuild/easyconfigs/g	toolchain	gmpich	2017.08	SYSTEM	SYSTEM		easybuild-cloned-repositories/easybuild-easyconfigs/easybuild/easyconfigs/g/gmpich/gmpich-2017.08.eb
easybuild-cloned-repositories/easybuild-easyconfigs/easybuild/easyconfigs/g	toolchain	gmpolf	2016a	SYSTEM	SYSTEM		easybuild-cloned-repositories/easybuild-easyconfigs/easybuild/easyconfigs/g/gmpolf/gmpolf-2016a.eb
easybuild-cloned-repositories/easybuild-easyconfigs/easybuild/easyconfigs/g	toolchain	gmpolf	2017.10	SYSTEM	SYSTEM		easybuild-cloned-repositories/easybuild-easyconfigs/easybuild/easyconfigs/g/gmpolf/gmpolf-2017.10.eb
easybuild-cloned-repositories/easybuild-easyconfigs/easybuild/easyconfigs/g	toolchain	gmvapich2	1.7.20	SYSTEM	SYSTEM		easybuild-cloned-repositories/easybuild-easyconfigs/easybuild/easyconfigs/g/gmvapich2/gmvapich2-1.7.20.eb
easybuild-cloned-repositories/easybuild-easyconfigs/easybuild/easyconfigs/g	toolchain	gmvapich2	2016a	SYSTEM	SYSTEM		easybuild-cloned-repositories/easybuild-easyconfigs/easybuild/easyconfigs/g/gmvapich2/gmvapich2-2016a.eb
easybuild-cloned-repositories/easybuild-easyconfigs/easybuild/easyconfigs/g	toolchain	gmvolf	1.7.20	SYSTEM	SYSTEM		easybuild-cloned-repositories/easybuild-easyconfigs/easybuild/easyconfigs/g/gmvolf/gmvolf-1.7.20.eb
easybuild-cloned-repositories/easybuild-easyconfigs/easybuild/easyconfigs/g	toolchain	gmvolf	2016a	SYSTEM	SYSTEM		easybuild-cloned-repositories/easybuild-easyconfigs/easybuild/easyconfigs/g/gmvolf/gmvolf-2016a.eb
easybuild-cloned-repositories/easybuild-easyconfigs/easybuild/easyconfigs/g	toolchain	GNU	4.9.2-2.25	SYSTEM	SYSTEM		easybuild-cloned-repositories/easybuild-easyconfigs/easybuild/easyconfigs/g/GNU/GNU-4.9.2-2.25.eb
easybuild-cloned-repositories/easybuild-easyconfigs/easybuild/easyconfigs/g	toolchain	GNU	4.9.3-2.25	SYSTEM	SYSTEM		easybuild-cloned-repositories/easybuild-easyconfigs/easybuild/easyconfigs/g/GNU/GNU-4.9.3-2.25.eb
easybuild-cloned-repositories/easybuild-easyconfigs/easybuild/easyconfigs/g	toolchain	GNU	5.1.0-2.25	SYSTEM	SYSTEM		easybuild-cloned-repositories/easybuild-easyconfigs/easybuild/easyconfigs/g/GNU/GNU-5.1.0-2.25.eb
easybuild-cloned-repositories/easybuild-easyconfigs/easybuild/easyconfigs/g	toolchain	gobff	2020.06	SYSTEM	SYSTEM	-amd	easybuild-cloned-repositories/easybuild-easyconfigs/easybuild/easyconfigs/g/gobff/gobff-2020.06-amd.eb
easybuild-cloned-repositories/easybuild-easyconfigs/easybuild/easyconfigs/g	toolchain	gobff	2020.11	SYSTEM	SYSTEM		easybuild-cloned-repositories/easybuild-easyconfigs/easybuild/easyconfigs/g/gobff/gobff-2020.11.eb
easybuild-cloned-repositories/easybuild-easyconfigs/easybuild/easyconfigs/g	toolchain	gobff	2020b	SYSTEM	SYSTEM		easybuild-cloned-repositories/easybuild-easyconfigs/easybuild/easyconfigs/g/gobff/gobff-2020b.eb
easybuild-cloned-repositories/easybuild-easyconfigs/easybuild/easyconfigs/g	toolchain	gobff	2021a	SYSTEM	SYSTEM		easybuild-cloned-repositories/easybuild-easyconfigs/easybuild/easyconfigs/g/gobff/gobff-2021a.eb
easybuild-cloned-repositories/easybuild-easyconfigs/easybuild/easyconfigs/g	toolchain	goblf	2018b	SYSTEM	SYSTEM		easybuild-cloned-repositories/easybuild-easyconfigs/easybuild/easyconfigs/g/goblf/goblf-2018b.eb
easybuild-cloned-repositories/easybuild-easyconfigs/easybuild/easyconfigs/g	toolchain	goblf	2020b	SYSTEM	SYSTEM		easybuild-cloned-repositories/easybuild-easyconfigs/easybuild/easyconfigs/g/goblf/goblf-2020b.eb
easybuild-cloned-repositories/easybuild-easyconfigs/easybuild/easyconfigs/g	toolchain	golf	2018a	SYSTEM	SYSTEM		easybuild-cloned-repositories/easybuild-easyconfigs/easybuild/easyconfigs/g/golf/golf-2018a.eb
easybuild-cloned-repositories/easybuild-easyconfigs/easybuild/easyconfigs/g	toolchain	golf	2020a	SYSTEM	SYSTEM		easybuild-cloned-repositories/easybuild-easyconfigs/easybuild/easyconfigs/g/golf/golf-2020a.eb
easybuild-cloned-repositories/easybuild-easyconfigs/easybuild/easyconfigs/g	toolchain	gomkl	2018b	SYSTEM	SYSTEM		easybuild-cloned-repositories/easybuild-easyconfigs/easybuild/easyconfigs/g/gomkl/gomkl-2018b.eb
easybuild-cloned-repositories/easybuild-easyconfigs/easybuild/easyconfigs/g	toolchain	gomkl	2019a	SYSTEM	SYSTEM		easybuild-cloned-repositories/easybuild-easyconfigs/easybuild/easyconfigs/g/gomkl/gomkl-2019a.eb
easybuild-cloned-repositories/easybuild-easyconfigs/easybuild/easyconfigs/g	toolchain	gomkl	2020a	SYSTEM	SYSTEM		easybuild-cloned-repositories/easybuild-easyconfigs/easybuild/easyconfigs/g/gomkl/gomkl-2020a.eb
easybuild-cloned-repositories/easybuild-easyconfigs/easybuild/easyconfigs/g	toolchain	gomkl	2020b	SYSTEM	SYSTEM		easybuild-cloned-repositories/easybuild-easyconfigs/easybuild/easyconfigs/g/gomkl/gomkl-2020b.eb
easybuild-cloned-repositories/easybuild-easyconfigs/easybuild/easyconfigs/g	toolchain	gomkl	2021a	SYSTEM	SYSTEM		easybuild-cloned-repositories/easybuild-easyconfigs/easybuild/easyconfigs/g/gomkl/gomkl-2021a.eb
easybuild-cloned-repositories/easybuild-easyconfigs/easybuild/easyconfigs/g	toolchain	gomkl	2021b	SYSTEM	SYSTEM		easybuild-cloned-repositories/easybuild-easyconfigs/easybuild/easyconfigs/g/gomkl/gomkl-2021b.eb
easybuild-cloned-repositories/easybuild-easyconfigs/easybuild/easyconfigs/g	toolchain	gomkl	2022a	SYSTEM	SYSTEM		easybuild-cloned-repositories/easybuild-easyconfigs/easybuild/easyconfigs/g/gomkl/gomkl-2022a.eb
easybuild-cloned-repositories/easybuild-easyconfigs/easybuild/easyconfigs/g	toolchain	gomkl	2023a	SYSTEM	SYSTEM		easybuild-cloned-repositories/easybuild-easyconfigs/easybuild/easyconfigs/g/gomkl/gomkl-2023a.eb
easybuild-cloned-repositories/easybuild-easyconfigs/easybuild/easyconfigs/g	toolchain	gompi	2016.04	SYSTEM	SYSTEM		easybuild-cloned-repositories/easybuild-easyconfigs/easybuild/easyconfigs/g/gompi/gompi-2016.04.eb
easybuild-cloned-repositories/easybuild-easyconfigs/easybuild/easyconfigs/g	toolchain	gompi	2016.06	SYSTEM	SYSTEM		easybuild-cloned-repositories/easybuild-easyconfigs/easybuild/easyconfigs/g/gompi/gompi-2016.06.eb
easybuild-cloned-repositories/easybuild-easyconfigs/easybuild/easyconfigs/g	toolchain	gompi	2016.07	SYSTEM	SYSTEM		easybuild-cloned-repositories/easybuild-easyconfigs/easybuild/easyconfigs/g/gompi/gompi-2016.07.eb
easybuild-cloned-repositories/easybuild-easyconfigs/easybuild/easyconfigs/g	toolchain	gompi	2016.09	SYSTEM	SYSTEM		easybuild-cloned-repositories/easybuild-easyconfigs/easybuild/easyconfigs/g/gompi/gompi-2016.09.eb
easybuild-cloned-repositories/easybuild-easyconfigs/easybuild/easyconfigs/g	toolchain	gompi	2016a	SYSTEM	SYSTEM		easybuild-cloned-repositories/easybuild-easyconfigs/easybuild/easyconfigs/g/gompi/gompi-2016a.eb
easybuild-cloned-repositories/easybuild-easyconfigs/easybuild/easyconfigs/g	toolchain	gompi	2016b	SYSTEM	SYSTEM		easybuild-cloned-repositories/easybuild-easyconfigs/easybuild/easyconfigs/g/gompi/gompi-2016b.eb
easybuild-cloned-repositories/easybuild-easyconfigs/easybuild/easyconfigs/g	toolchain	gompi	2017a	SYSTEM	SYSTEM		easybuild-cloned-repositories/easybuild-easyconfigs/easybuild/easyconfigs/g/gompi/gompi-2017a.eb
easybuild-cloned-repositories/easybuild-easyconfigs/easybuild/easyconfigs/g	toolchain	gompi	2017b	SYSTEM	SYSTEM		easybuild-cloned-repositories/easybuild-easyconfigs/easybuild/easyconfigs/g/gompi/gompi-2017b.eb
easybuild-cloned-repositories/easybuild-easyconfigs/easybuild/easyconfigs/g	toolchain	gompi	2018.08	SYSTEM	SYSTEM		easybuild-cloned-repositories/easybuild-easyconfigs/easybuild/easyconfigs/g/gompi/gompi-2018.08.eb
easybuild-cloned-repositories/easybuild-easyconfigs/easybuild/easyconfigs/g	toolchain	gompi	2018a	SYSTEM	SYSTEM		easybuild-cloned-repositories/easybuild-easyconfigs/easybuild/easyconfigs/g/gompi/gompi-2018a.eb
easybuild-cloned-repositories/easybuild-easyconfigs/easybuild/easyconfigs/g	toolchain	gompi	2018b	SYSTEM	SYSTEM		easybuild-cloned-repositories/easybuild-easyconfigs/easybuild/easyconfigs/g/gompi/gompi-2018b.eb
easybuild-cloned-repositories/easybuild-easyconfigs/easybuild/easyconfigs/g	toolchain	gompi	2019a	SYSTEM	SYSTEM		easybuild-cloned-repositories/easybuild-easyconfigs/easybuild/easyconfigs/g/gompi/gompi-2019a.eb
easybuild-cloned-repositories/easybuild-easyconfigs/easybuild/easyconfigs/g	toolchain	gompi	2019b	SYSTEM	SYSTEM		easybuild-cloned-repositories/easybuild-easyconfigs/easybuild/easyconfigs/g/gompi/gompi-2019b.eb
easybuild-cloned-repositories/easybuild-easyconfigs/easybuild/easyconfigs/g	toolchain	gompi	2020a	SYSTEM	SYSTEM		easybuild-cloned-repositories/easybuild-easyconfigs/easybuild/easyconfigs/g/gompi/gompi-2020a.eb
easybuild-cloned-repositories/easybuild-easyconfigs/easybuild/easyconfigs/g	toolchain	gompi	2020b	SYSTEM	SYSTEM		easybuild-cloned-repositories/easybuild-easyconfigs/easybuild/easyconfigs/g/gompi/gompi-2020b.eb
easybuild-cloned-repositories/easybuild-easyconfigs/easybuild/easyconfigs/g	toolchain	gompi	2021a	SYSTEM	SYSTEM		easybuild-cloned-repositories/easybuild-easyconfigs/easybuild/easyconfigs/g/gompi/gompi-2021a.eb
easybuild-cloned-repositories/easybuild-easyconfigs/easybuild/easyconfigs/g	toolchain	gompi	2021b	SYSTEM	SYSTEM		easybuild-cloned-repositories/easybuild-easyconfigs/easybuild/easyconfigs/g/gompi/gompi-2021b.eb
easybuild-cloned-repositories/easybuild-easyconfigs/easybuild/easyconfigs/g	toolchain	gompi	2022.05	SYSTEM	SYSTEM		easybuild-cloned-repositories/easybuild-easyconfigs/easybuild/easyconfigs/g/gompi/gompi-2022.05.eb
easybuild-cloned-repositories/easybuild-easyconfigs/easybuild/easyconfigs/g	toolchain	gompi	2022.10	SYSTEM	SYSTEM		easybuild-cloned-repositories/easybuild-easyconfigs/easybuild/easyconfigs/g/gompi/gompi-2022.10.eb
easybuild-cloned-repositories/easybuild-easyconfigs/easybuild/easyconfigs/g	toolchain	gompi	2022a	SYSTEM	SYSTEM		easybuild-cloned-repositories/easybuild-easyconfigs/easybuild/easyconfigs/g/gompi/gompi-2022a.eb
easybuild-cloned-repositories/easybuild-easyconfigs/easybuild/easyconfigs/g	toolchain	gompi	2022b	SYSTEM	SYSTEM		easybuild-cloned-repositories/easybuild-easyconfigs/easybuild/easyconfigs/g/gompi/gompi-2022b.eb
easybuild-cloned-repositories/easybuild-easyconfigs/easybuild/easyconfigs/g	toolchain	gompi	2023.09	SYSTEM	SYSTEM		easybuild-cloned-repositories/easybuild-easyconfigs/easybuild/easyconfigs/g/gompi/gompi-2023.09.eb
easybuild-cloned-repositories/easybuild-easyconfigs/easybuild/easyconfigs/g	toolchain	gompi	2023a	SYSTEM	SYSTEM		easybuild-cloned-repositories/easybuild-easyconfigs/easybuild/easyconfigs/g/gompi/gompi-2023a.eb
easybuild-cloned-repositories/easybuild-easyconfigs/easybuild/easyconfigs/g	toolchain	gompi	2023b	SYSTEM	SYSTEM		easybuild-cloned-repositories/easybuild-easyconfigs/easybuild/easyconfigs/g/gompi/gompi-2023b.eb
easybuild-cloned-repositories/easybuild-easyconfigs/easybuild/easyconfigs/g	toolchain	gompi	system	SYSTEM	SYSTEM	-2.29	easybuild-cloned-repositories/easybuild-easyconfigs/easybuild/easyconfigs/g/gompi/gompi-system-2.29.eb
easybuild-cloned-repositories/easybuild-easyconfigs/easybuild/easyconfigs/g	toolchain	gompic	2017b	SYSTEM	SYSTEM		easybuild-cloned-repositories/easybuild-easyconfigs/easybuild/easyconfigs/g/gompic/gompic-2017b.eb
easybuild-cloned-repositories/easybuild-easyconfigs/easybuild/easyconfigs/g	toolchain	gompic	2018a	SYSTEM	SYSTEM		easybuild-cloned-repositories/easybuild-easyconfigs/easybuild/easyconfigs/g/gompic/gompic-2018a.eb
easybuild-cloned-repositories/easybuild-easyconfigs/easybuild/easyconfigs/g	toolchain	gompic	2018b	SYSTEM	SYSTEM		easybuild-cloned-repositories/easybuild-easyconfigs/easybuild/easyconfigs/g/gompic/gompic-2018b.eb
easybuild-cloned-repositories/easybuild-easyconfigs/easybuild/easyconfigs/g	toolchain	gompic	2019a	SYSTEM	SYSTEM		easybuild-cloned-repositories/easybuild-easyconfigs/easybuild/easyconfigs/g/gompic/gompic-2019a.eb
easybuild-cloned-repositories/easybuild-easyconfigs/easybuild/easyconfigs/g	toolchain	gompic	2019b	SYSTEM	SYSTEM		easybuild-cloned-repositories/easybuild-easyconfigs/easybuild/easyconfigs/g/gompic/gompic-2019b.eb
easybuild-cloned-repositories/easybuild-easyconfigs/easybuild/easyconfigs/g	toolchain	gompic	2020a	SYSTEM	SYSTEM		easybuild-cloned-repositories/easybuild-easyconfigs/easybuild/easyconfigs/g/gompic/gompic-2020a.eb
easybuild-cloned-repositories/easybuild-easyconfigs/easybuild/easyconfigs/g	toolchain	gompic	2020b	SYSTEM	SYSTEM		easybuild-cloned-repositories/easybuild-easyconfigs/easybuild/easyconfigs/g/gompic/gompic-2020b.eb
easybuild-cloned-repositories/easybuild-easyconfigs/easybuild/easyconfigs/i	toolchain	iccifort	2016.0.109	SYSTEM	SYSTEM	-GCC-4.9.3-2.25	easybuild-cloned-repositories/easybuild-easyconfigs/easybuild/easyconfigs/i/iccifort/iccifort-2016.0.109-GCC-4.9.3-2.25.eb
easybuild-cloned-repositories/easybuild-easyconfigs/easybuild/easyconfigs/i	toolchain	iccifort	2016.0.109	SYSTEM	SYSTEM		easybuild-cloned-repositories/easybuild-easyconfigs/easybuild/easyconfigs/i/iccifort/iccifort-2016.0.109.eb
easybuild-cloned-repositories/easybuild-easyconfigs/easybuild/easyconfigs/i	toolchain	iccifort	2016.1.150	SYSTEM	SYSTEM	-GCC-4.9.3-2.25	easybuild-cloned-repositories/easybuild-easyconfigs/easybuild/easyconfigs/i/iccifort/iccifort-2016.1.150-GCC-4.9.3-2.25.eb
easybuild-cloned-repositories/easybuild-easyconfigs/easybuild/easyconfigs/i	toolchain	iccifort	2016.2.181	SYSTEM	SYSTEM	-GCC-4.9.3-2.25	easybuild-cloned-repositories/easybuild-easyconfigs/easybuild/easyconfigs/i/iccifort/iccifort-2016.2.181-GCC-4.9.3-2.25.eb
easybuild-cloned-repositories/easybuild-easyconfigs/easybuild/easyconfigs/i	toolchain	iccifort	2016.2.181	SYSTEM	SYSTEM	-GCC-5.3.0-2.26	easybuild-cloned-repositories/easybuild-easyconfigs/easybuild/easyconfigs/i/iccifort/iccifort-2016.2.181-GCC-5.3.0-2.26.eb
easybuild-cloned-repositories/easybuild-easyconfigs/easybuild/easyconfigs/i	toolchain	iccifort	2016.3.210	SYSTEM	SYSTEM	-GCC-4.9.3-2.25	easybuild-cloned-repositories/easybuild-easyconfigs/easybuild/easyconfigs/i/iccifort/iccifort-2016.3.210-GCC-4.9.3-2.25.eb
easybuild-cloned-repositories/easybuild-easyconfigs/easybuild/easyconfigs/i	toolchain	iccifort	2016.3.210	SYSTEM	SYSTEM	-GCC-5.3.0-2.26	easybuild-cloned-repositories/easybuild-easyconfigs/easybuild/easyconfigs/i/iccifort/iccifort-2016.3.210-GCC-5.3.0-2.26.eb
easybuild-cloned-repositories/easybuild-easyconfigs/easybuild/easyconfigs/i	toolchain	iccifort	2016.3.210	SYSTEM	SYSTEM	-GCC-5.4.0-2.26	easybuild-cloned-repositories/easybuild-easyconfigs/easybuild/easyconfigs/i/iccifort/iccifort-2016.3.210-GCC-5.4.0-2.26.eb
easybuild-cloned-repositories/easybuild-easyconfigs/easybuild/easyconfigs/i	toolchain	iccifort	2017.0.098	SYSTEM	SYSTEM	-GCC-5.4.0-2.26	easybuild-cloned-repositories/easybuild-easyconfigs/easybuild/easyconfigs/i/iccifort/iccifort-2017.0.098-GCC-5.4.0-2.26.eb
easybuild-cloned-repositories/easybuild-easyconfigs/easybuild/easyconfigs/i	toolchain	iccifort	2017.1.132	SYSTEM	SYSTEM	-GCC-5.4.0-2.26	easybuild-cloned-repositories/easybuild-easyconfigs/easybuild/easyconfigs/i/iccifort/iccifort-2017.1.132-GCC-5.4.0-2.26.eb
easybuild-cloned-repositories/easybuild-easyconfigs/easybuild/easyconfigs/i	toolchain	iccifort	2017.1.132	SYSTEM	SYSTEM	-GCC-6.3.0-2.27	easybuild-cloned-repositories/easybuild-easyconfigs/easybuild/easyconfigs/i/iccifort/iccifort-2017.1.132-GCC-6.3.0-2.27.eb
easybuild-cloned-repositories/easybuild-easyconfigs/easybuild/easyconfigs/i	toolchain	iccifort	2017.2.174	SYSTEM	SYSTEM	-GCC-6.3.0-2.27	easybuild-cloned-repositories/easybuild-easyconfigs/easybuild/easyconfigs/i/iccifort/iccifort-2017.2.174-GCC-6.3.0-2.27.eb
easybuild-cloned-repositories/easybuild-easyconfigs/easybuild/easyconfigs/i	toolchain	iccifort	2017.4.196	SYSTEM	SYSTEM	-GCC-6.4.0-2.28	easybuild-cloned-repositories/easybuild-easyconfigs/easybuild/easyconfigs/i/iccifort/iccifort-2017.4.196-GCC-6.4.0-2.28.eb
easybuild-cloned-repositories/easybuild-easyconfigs/easybuild/easyconfigs/i	toolchain	iccifort	2017.5.239	SYSTEM	SYSTEM	-GCC-6.4.0-2.28	easybuild-cloned-repositories/easybuild-easyconfigs/easybuild/easyconfigs/i/iccifort/iccifort-2017.5.239-GCC-6.4.0-2.28.eb
easybuild-cloned-repositories/easybuild-easyconfigs/easybuild/easyconfigs/i	toolchain	iccifort	2018.0.128	SYSTEM	SYSTEM	-GCC-6.4.0-2.28	easybuild-cloned-repositories/easybuild-easyconfigs/easybuild/easyconfigs/i/iccifort/iccifort-2018.0.128-GCC-6.4.0-2.28.eb
easybuild-cloned-repositories/easybuild-easyconfigs/easybuild/easyconfigs/i	toolchain	iccifort	2018.1.163	SYSTEM	SYSTEM	-GCC-6.4.0-2.28	easybuild-cloned-repositories/easybuild-easyconfigs/easybuild/easyconfigs/i/iccifort/iccifort-2018.1.163-GCC-6.4.0-2.28.eb
easybuild-cloned-repositories/easybuild-easyconfigs/easybuild/easyconfigs/i	toolchain	iccifort	2018.2.199	SYSTEM	SYSTEM	-GCC-6.4.0-2.28	easybuild-cloned-repositories/easybuild-easyconfigs/easybuild/easyconfigs/i/iccifort/iccifort-2018.2.199-GCC-6.4.0-2.28.eb
easybuild-cloned-repositories/easybuild-easyconfigs/easybuild/easyconfigs/i	toolchain	iccifort	2018.3.222	SYSTEM	SYSTEM	-GCC-7.3.0-2.30	easybuild-cloned-repositories/easybuild-easyconfigs/easybuild/easyconfigs/i/iccifort/iccifort-2018.3.222-GCC-7.3.0-2.30.eb
easybuild-cloned-repositories/easybuild-easyconfigs/easybuild/easyconfigs/i	toolchain	iccifort	2018.5.274	SYSTEM	SYSTEM	-GCC-7.3.0-2.30	easybuild-cloned-repositories/easybuild-easyconfigs/easybuild/easyconfigs/i/iccifort/iccifort-2018.5.274-GCC-7.3.0-2.30.eb
easybuild-cloned-repositories/easybuild-easyconfigs/easybuild/easyconfigs/i	toolchain	iccifort	2019.0.117	SYSTEM	SYSTEM	-GCC-8.2.0-2.31.1	easybuild-cloned-repositories/easybuild-easyconfigs/easybuild/easyconfigs/i/iccifort/iccifort-2019.0.117-GCC-8.2.0-2.31.1.eb
easybuild-cloned-repositories/easybuild-easyconfigs/easybuild/easyconfigs/i	toolchain	iccifort	2019.1.144	SYSTEM	SYSTEM	-GCC-8.2.0-2.31.1	easybuild-cloned-repositories/easybuild-easyconfigs/easybuild/easyconfigs/i/iccifort/iccifort-2019.1.144-GCC-8.2.0-2.31.1.eb
easybuild-cloned-repositories/easybuild-easyconfigs/easybuild/easyconfigs/i	toolchain	iccifort	2019.2.187	SYSTEM	SYSTEM	-GCC-8.2.0-2.31.1	easybuild-cloned-repositories/easybuild-easyconfigs/easybuild/easyconfigs/i/iccifort/iccifort-2019.2.187-GCC-8.2.0-2.31.1.eb
easybuild-cloned-repositories/easybuild-easyconfigs/easybuild/easyconfigs/i	toolchain	iccifort	2019.3.199	SYSTEM	SYSTEM	-GCC-8.3.0-2.32	easybuild-cloned-repositories/easybuild-easyconfigs/easybuild/easyconfigs/i/iccifort/iccifort-2019.3.199-GCC-8.3.0-2.32.eb
easybuild-cloned-repositories/easybuild-easyconfigs/easybuild/easyconfigs/i	toolchain	iccifort	system	SYSTEM	SYSTEM	-GCC-system-2.29	easybuild-cloned-repositories/easybuild-easyconfigs/easybuild/easyconfigs/i/iccifort/iccifort-system-GCC-system-2.29.eb
easybuild-cloned-repositories/easybuild-easyconfigs/easybuild/easyconfigs/i	toolchain	iccifortcuda	2016.10	SYSTEM	SYSTEM		easybuild-cloned-repositories/easybuild-easyconfigs/easybuild/easyconfigs/i/iccifortcuda/iccifortcuda-2016.10.eb
easybuild-cloned-repositories/easybuild-easyconfigs/easybuild/easyconfigs/i	toolchain	iccifortcuda	2017.4.196	SYSTEM	SYSTEM	-GCC-6.4.0-2.28	easybuild-cloned-repositories/easybuild-easyconfigs/easybuild/easyconfigs/i/iccifortcuda/iccifortcuda-2017.4.196-GCC-6.4.0-2.28.eb
easybuild-cloned-repositories/easybuild-easyconfigs/easybuild/easyconfigs/i	toolchain	iccifortcuda	2019a	SYSTEM	SYSTEM		easybuild-cloned-repositories/easybuild-easyconfigs/easybuild/easyconfigs/i/iccifortcuda/iccifortcuda-2019a.eb
easybuild-cloned-repositories/easybuild-easyconfigs/easybuild/easyconfigs/i	toolchain	iccifortcuda	2019b	SYSTEM	SYSTEM		easybuild-cloned-repositories/easybuild-easyconfigs/easybuild/easyconfigs/i/iccifortcuda/iccifortcuda-2019b.eb
easybuild-cloned-repositories/easybuild-easyconfigs/easybuild/easyconfigs/i	toolchain	iccifortcuda	2020a	SYSTEM	SYSTEM		easybuild-cloned-repositories/easybuild-easyconfigs/easybuild/easyconfigs/i/iccifortcuda/iccifortcuda-2020a.eb
easybuild-cloned-repositories/easybuild-easyconfigs/easybuild/easyconfigs/i	toolchain	iccifortcuda	2020b	SYSTEM	SYSTEM		easybuild-cloned-repositories/easybuild-easyconfigs/easybuild/easyconfigs/i/iccifortcuda/iccifortcuda-2020b.eb
easybuild-cloned-repositories/easybuild-easyconfigs/easybuild/easyconfigs/i	toolchain	iibff	2020b	SYSTEM	SYSTEM		easybuild-cloned-repositories/easybuild-easyconfigs/easybuild/easyconfigs/i/iibff/iibff-2020b.eb
easybuild-cloned-repositories/easybuild-easyconfigs/easybuild/easyconfigs/i	toolchain	iimkl	2018a	SYSTEM	SYSTEM		easybuild-cloned-repositories/easybuild-easyconfigs/easybuild/easyconfigs/i/iimkl/iimkl-2018a.eb
easybuild-cloned-repositories/easybuild-easyconfigs/easybuild/easyconfigs/i	toolchain	iimkl	2022a	SYSTEM	SYSTEM		easybuild-cloned-repositories/easybuild-easyconfigs/easybuild/easyconfigs/i/iimkl/iimkl-2022a.eb
easybuild-cloned-repositories/easybuild-easyconfigs/easybuild/easyconfigs/i	toolchain	iimkl	2022b	SYSTEM	SYSTEM		easybuild-cloned-repositories/easybuild-easyconfigs/easybuild/easyconfigs/i/iimkl/iimkl-2022b.eb
easybuild-cloned-repositories/easybuild-easyconfigs/easybuild/easyconfigs/i	toolchain	iimkl	2023a	SYSTEM	SYSTEM		easybuild-cloned-repositories/easybuild-easyconfigs/easybuild/easyconfigs/i/iimkl/iimkl-2023a.eb
easybuild-cloned-repositories/easybuild-easyconfigs/easybuild/easyconfigs/i	toolchain	iimkl	2023b	SYSTEM	SYSTEM		easybuild-cloned-repositories/easybuild-easyconfigs/easybuild/easyconfigs/i/iimkl/iimkl-2023b.eb
easybuild-cloned-repositories/easybuild-easyconfigs/easybuild/easyconfigs/i	toolchain	iimpi	2016.00	SYSTEM	SYSTEM	-GCC-4.9.3-2.25	easybuild-cloned-repositories/easybuild-easyconfigs/easybuild/easyconfigs/i/iimpi/iimpi-2016.00-GCC-4.9.3-2.25.eb
easybuild-cloned-repositories/easybuild-easyconfigs/easybuild/easyconfigs/i	toolchain	iimpi	2016.01	SYSTEM	SYSTEM	-GCC-4.9.3-2.25	easybuild-cloned-repositories/easybuild-easyconfigs/easybuild/easyconfigs/i/iimpi/iimpi-2016.01-GCC-4.9.3-2.25.eb
easybuild-cloned-repositories/easybuild-easyconfigs/easybuild/easyconfigs/i	toolchain	iimpi	2016.02	SYSTEM	SYSTEM	-GCC-4.9.3-2.25	easybuild-cloned-repositories/easybuild-easyconfigs/easybuild/easyconfigs/i/iimpi/iimpi-2016.02-GCC-4.9.3-2.25.eb
easybuild-cloned-repositories/easybuild-easyconfigs/easybuild/easyconfigs/i	toolchain	iimpi	2016.02	SYSTEM	SYSTEM	-GCC-5.3.0-2.26	easybuild-cloned-repositories/easybuild-easyconfigs/easybuild/easyconfigs/i/iimpi/iimpi-2016.02-GCC-5.3.0-2.26.eb
easybuild-cloned-repositories/easybuild-easyconfigs/easybuild/easyconfigs/i	toolchain	iimpi	2016.03	SYSTEM	SYSTEM	-GCC-4.9.3-2.25	easybuild-cloned-repositories/easybuild-easyconfigs/easybuild/easyconfigs/i/iimpi/iimpi-2016.03-GCC-4.9.3-2.25.eb
easybuild-cloned-repositories/easybuild-easyconfigs/easybuild/easyconfigs/i	toolchain	iimpi	2016.03	SYSTEM	SYSTEM	-GCC-5.3.0-2.26	easybuild-cloned-repositories/easybuild-easyconfigs/easybuild/easyconfigs/i/iimpi/iimpi-2016.03-GCC-5.3.0-2.26.eb
easybuild-cloned-repositories/easybuild-easyconfigs/easybuild/easyconfigs/i	toolchain	iimpi	2016.03	SYSTEM	SYSTEM	-GCC-5.4.0-2.26	easybuild-cloned-repositories/easybuild-easyconfigs/easybuild/easyconfigs/i/iimpi/iimpi-2016.03-GCC-5.4.0-2.26.eb
easybuild-cloned-repositories/easybuild-easyconfigs/easybuild/easyconfigs/i	toolchain	iimpi	2016b	SYSTEM	SYSTEM		easybuild-cloned-repositories/easybuild-easyconfigs/easybuild/easyconfigs/i/iimpi/iimpi-2016b.eb
easybuild-cloned-repositories/easybuild-easyconfigs/easybuild/easyconfigs/i	toolchain	iimpi	2017.00	SYSTEM	SYSTEM	-GCC-5.4.0-2.26	easybuild-cloned-repositories/easybuild-easyconfigs/easybuild/easyconfigs/i/iimpi/iimpi-2017.00-GCC-5.4.0-2.26.eb
easybuild-cloned-repositories/easybuild-easyconfigs/easybuild/easyconfigs/i	toolchain	iimpi	2017.01	SYSTEM	SYSTEM	-GCC-5.4.0-2.26	easybuild-cloned-repositories/easybuild-easyconfigs/easybuild/easyconfigs/i/iimpi/iimpi-2017.01-GCC-5.4.0-2.26.eb
easybuild-cloned-repositories/easybuild-easyconfigs/easybuild/easyconfigs/i	toolchain	iimpi	2017.02	SYSTEM	SYSTEM	-GCC-6.3.0-2.27	easybuild-cloned-repositories/easybuild-easyconfigs/easybuild/easyconfigs/i/iimpi/iimpi-2017.02-GCC-6.3.0-2.27.eb
easybuild-cloned-repositories/easybuild-easyconfigs/easybuild/easyconfigs/i	toolchain	iimpi	2017.09	SYSTEM	SYSTEM		easybuild-cloned-repositories/easybuild-easyconfigs/easybuild/easyconfigs/i/iimpi/iimpi-2017.09.eb
easybuild-cloned-repositories/easybuild-easyconfigs/easybuild/easyconfigs/i	toolchain	iimpi	2017a	SYSTEM	SYSTEM		easybuild-cloned-repositories/easybuild-easyconfigs/easybuild/easyconfigs/i/iimpi/iimpi-2017a.eb
easybuild-cloned-repositories/easybuild-easyconfigs/easybuild/easyconfigs/i	toolchain	iimpi	2017b	SYSTEM	SYSTEM		easybuild-cloned-repositories/easybuild-easyconfigs/easybuild/easyconfigs/i/iimpi/iimpi-2017b.eb
easybuild-cloned-repositories/easybuild-easyconfigs/easybuild/easyconfigs/i	toolchain	iimpi	2018.00	SYSTEM	SYSTEM		easybuild-cloned-repositories/easybuild-easyconfigs/easybuild/easyconfigs/i/iimpi/iimpi-2018.00.eb
easybuild-cloned-repositories/easybuild-easyconfigs/easybuild/easyconfigs/i	toolchain	iimpi	2018.01	SYSTEM	SYSTEM		easybuild-cloned-repositories/easybuild-easyconfigs/easybuild/easyconfigs/i/iimpi/iimpi-2018.01.eb
easybuild-cloned-repositories/easybuild-easyconfigs/easybuild/easyconfigs/i	toolchain	iimpi	2018.02	SYSTEM	SYSTEM		easybuild-cloned-repositories/easybuild-easyconfigs/easybuild/easyconfigs/i/iimpi/iimpi-2018.02.eb
easybuild-cloned-repositories/easybuild-easyconfigs/easybuild/easyconfigs/i	toolchain	iimpi	2018.04	SYSTEM	SYSTEM		easybuild-cloned-repositories/easybuild-easyconfigs/easybuild/easyconfigs/i/iimpi/iimpi-2018.04.eb
easybuild-cloned-repositories/easybuild-easyconfigs/easybuild/easyconfigs/i	toolchain	iimpi	2018a	SYSTEM	SYSTEM		easybuild-cloned-repositories/easybuild-easyconfigs/easybuild/easyconfigs/i/iimpi/iimpi-2018a.eb
easybuild-cloned-repositories/easybuild-easyconfigs/easybuild/easyconfigs/i	toolchain	iimpi	2018b	SYSTEM	SYSTEM		easybuild-cloned-repositories/easybuild-easyconfigs/easybuild/easyconfigs/i/iimpi/iimpi-2018b.eb
easybuild-cloned-repositories/easybuild-easyconfigs/easybuild/easyconfigs/i	toolchain	iimpi	2019.00	SYSTEM	SYSTEM		easybuild-cloned-repositories/easybuild-easyconfigs/easybuild/easyconfigs/i/iimpi/iimpi-2019.00.eb
easybuild-cloned-repositories/easybuild-easyconfigs/easybuild/easyconfigs/i	toolchain	iimpi	2019.01	SYSTEM	SYSTEM		easybuild-cloned-repositories/easybuild-easyconfigs/easybuild/easyconfigs/i/iimpi/iimpi-2019.01.eb
easybuild-cloned-repositories/easybuild-easyconfigs/easybuild/easyconfigs/i	toolchain	iimpi	2019.02	SYSTEM	SYSTEM		easybuild-cloned-repositories/easybuild-easyconfigs/easybuild/easyconfigs/i/iimpi/iimpi-2019.02.eb
easybuild-cloned-repositories/easybuild-easyconfigs/easybuild/easyconfigs/i	toolchain	iimpi	2019.03	SYSTEM	SYSTEM		easybuild-cloned-repositories/easybuild-easyconfigs/easybuild/easyconfigs/i/iimpi/iimpi-2019.03.eb
easybuild-cloned-repositories/easybuild-easyconfigs/easybuild/easyconfigs/i	toolchain	iimpi	2019a	SYSTEM	SYSTEM		easybuild-cloned-repositories/easybuild-easyconfigs/easybuild/easyconfigs/i/iimpi/iimpi-2019a.eb
easybuild-cloned-repositories/easybuild-easyconfigs/easybuild/easyconfigs/i	toolchain	iimpi	2019b	SYSTEM	SYSTEM		easybuild-cloned-repositories/easybuild-easyconfigs/easybuild/easyconfigs/i/iimpi/iimpi-2019b.eb
easybuild-cloned-repositories/easybuild-easyconfigs/easybuild/easyconfigs/i	toolchain	iimpi	2020.00	SYSTEM	SYSTEM		easybuild-cloned-repositories/easybuild-easyconfigs/easybuild/easyconfigs/i/iimpi/iimpi-2020.00.eb
easybuild-cloned-repositories/easybuild-easyconfigs/easybuild/easyconfigs/i	toolchain	iimpi	2020.06-impi-18.5	SYSTEM	SYSTEM		easybuild-cloned-repositories/easybuild-easyconfigs/easybuild/easyconfigs/i/iimpi/iimpi-2020.06-impi-18.5.eb
easybuild-cloned-repositories/easybuild-easyconfigs/easybuild/easyconfigs/i	toolchain	iimpi	2020.12	SYSTEM	SYSTEM		easybuild-cloned-repositories/easybuild-easyconfigs/easybuild/easyconfigs/i/iimpi/iimpi-2020.12.eb
easybuild-cloned-repositories/easybuild-easyconfigs/easybuild/easyconfigs/i	toolchain	iimpi	2020a	SYSTEM	SYSTEM		easybuild-cloned-repositories/easybuild-easyconfigs/easybuild/easyconfigs/i/iimpi/iimpi-2020a.eb
easybuild-cloned-repositories/easybuild-easyconfigs/easybuild/easyconfigs/i	toolchain	iimpi	2020b	SYSTEM	SYSTEM		easybuild-cloned-repositories/easybuild-easyconfigs/easybuild/easyconfigs/i/iimpi/iimpi-2020b.eb
easybuild-cloned-repositories/easybuild-easyconfigs/easybuild/easyconfigs/i	toolchain	iimpi	2021a	SYSTEM	SYSTEM		easybuild-cloned-repositories/easybuild-easyconfigs/easybuild/easyconfigs/i/iimpi/iimpi-2021a.eb
easybuild-cloned-repositories/easybuild-easyconfigs/easybuild/easyconfigs/i	toolchain	iimpi	2021b	SYSTEM	SYSTEM		easybuild-cloned-repositories/easybuild-easyconfigs/easybuild/easyconfigs/i/iimpi/iimpi-2021b.eb
easybuild-cloned-repositories/easybuild-easyconfigs/easybuild/easyconfigs/i	toolchain	iimpi	2022.00	SYSTEM	SYSTEM		easybuild-cloned-repositories/easybuild-easyconfigs/easybuild/easyconfigs/i/iimpi/iimpi-2022.00.eb
easybuild-cloned-repositories/easybuild-easyconfigs/easybuild/easyconfigs/i	toolchain	iimpi	2022.05	SYSTEM	SYSTEM		easybuild-cloned-repositories/easybuild-easyconfigs/easybuild/easyconfigs/i/iimpi/iimpi-2022.05.eb
easybuild-cloned-repositories/easybuild-easyconfigs/easybuild/easyconfigs/i	toolchain	iimpi	2022.09	SYSTEM	SYSTEM		easybuild-cloned-repositories/easybuild-easyconfigs/easybuild/easyconfigs/i/iimpi/iimpi-2022.09.eb
easybuild-cloned-repositories/easybuild-easyconfigs/easybuild/easyconfigs/i	toolchain	iimpi	2022.11	SYSTEM	SYSTEM		easybuild-cloned-repositories/easybuild-easyconfigs/easybuild/easyconfigs/i/iimpi/iimpi-2022.11.eb
easybuild-cloned-repositories/easybuild-easyconfigs/easybuild/easyconfigs/i	toolchain	iimpi	2022.12	SYSTEM	SYSTEM		easybuild-cloned-repositories/easybuild-easyconfigs/easybuild/easyconfigs/i/iimpi/iimpi-2022.12.eb
easybuild-cloned-repositories/easybuild-easyconfigs/easybuild/easyconfigs/i	toolchain	iimpi	2022a	SYSTEM	SYSTEM		easybuild-cloned-repositories/easybuild-easyconfigs/easybuild/easyconfigs/i/iimpi/iimpi-2022a.eb
easybuild-cloned-repositories/easybuild-easyconfigs/easybuild/easyconfigs/i	toolchain	iimpi	2022b	SYSTEM	SYSTEM		easybuild-cloned-repositories/easybuild-easyconfigs/easybuild/easyconfigs/i/iimpi/iimpi-2022b.eb
easybuild-cloned-repositories/easybuild-easyconfigs/easybuild/easyconfigs/i	toolchain	iimpi	2023.03	SYSTEM	SYSTEM		easybuild-cloned-repositories/easybuild-easyconfigs/easybuild/easyconfigs/i/iimpi/iimpi-2023.03.eb
easybuild-cloned-repositories/easybuild-easyconfigs/easybuild/easyconfigs/i	toolchain	iimpi	2023.07	SYSTEM	SYSTEM		easybuild-cloned-repositories/easybuild-easyconfigs/easybuild/easyconfigs/i/iimpi/iimpi-2023.07.eb
easybuild-cloned-repositories/easybuild-easyconfigs/easybuild/easyconfigs/i	toolchain	iimpi	2023.11	SYSTEM	SYSTEM		easybuild-cloned-repositories/easybuild-easyconfigs/easybuild/easyconfigs/i/iimpi/iimpi-2023.11.eb
easybuild-cloned-repositories/easybuild-easyconfigs/easybuild/easyconfigs/i	toolchain	iimpi	2023a	SYSTEM	SYSTEM		easybuild-cloned-repositories/easybuild-easyconfigs/easybuild/easyconfigs/i/iimpi/iimpi-2023a.eb
easybuild-cloned-repositories/easybuild-easyconfigs/easybuild/easyconfigs/i	toolchain	iimpi	2023b	SYSTEM	SYSTEM		easybuild-cloned-repositories/easybuild-easyconfigs/easybuild/easyconfigs/i/iimpi/iimpi-2023b.eb
easybuild-cloned-repositories/easybuild-easyconfigs/easybuild/easyconfigs/i	toolchain	iimpi	8.1.5	SYSTEM	SYSTEM	-GCC-4.9.3-2.25	easybuild-cloned-repositories/easybuild-easyconfigs/easybuild/easyconfigs/i/iimpi/iimpi-8.1.5-GCC-4.9.3-2.25.eb
easybuild-cloned-repositories/easybuild-easyconfigs/easybuild/easyconfigs/i	toolchain	iimpi	system	SYSTEM	SYSTEM	-GCC-system-2.29	easybuild-cloned-repositories/easybuild-easyconfigs/easybuild/easyconfigs/i/iimpi/iimpi-system-GCC-system-2.29.eb
easybuild-cloned-repositories/easybuild-easyconfigs/easybuild/easyconfigs/i	toolchain	iimpic	2016.10	SYSTEM	SYSTEM		easybuild-cloned-repositories/easybuild-easyconfigs/easybuild/easyconfigs/i/iimpic/iimpic-2016.10.eb
easybuild-cloned-repositories/easybuild-easyconfigs/easybuild/easyconfigs/i	toolchain	iimpic	2017b	SYSTEM	SYSTEM		easybuild-cloned-repositories/easybuild-easyconfigs/easybuild/easyconfigs/i/iimpic/iimpic-2017b.eb
easybuild-cloned-repositories/easybuild-easyconfigs/easybuild/easyconfigs/i	toolchain	iimpic	2019a	SYSTEM	SYSTEM		easybuild-cloned-repositories/easybuild-easyconfigs/easybuild/easyconfigs/i/iimpic/iimpic-2019a.eb
easybuild-cloned-repositories/easybuild-easyconfigs/easybuild/easyconfigs/i	toolchain	iimpic	2019b	SYSTEM	SYSTEM		easybuild-cloned-repositories/easybuild-easyconfigs/easybuild/easyconfigs/i/iimpic/iimpic-2019b.eb
easybuild-cloned-repositories/easybuild-easyconfigs/easybuild/easyconfigs/i	toolchain	iimpic	2020a	SYSTEM	SYSTEM		easybuild-cloned-repositories/easybuild-easyconfigs/easybuild/easyconfigs/i/iimpic/iimpic-2020a.eb
easybuild-cloned-repositories/easybuild-easyconfigs/easybuild/easyconfigs/i	toolchain	iimpic	2020b	SYSTEM	SYSTEM		easybuild-cloned-repositories/easybuild-easyconfigs/easybuild/easyconfigs/i/iimpic/iimpic-2020b.eb
easybuild-cloned-repositories/easybuild-easyconfigs/easybuild/easyconfigs/i	toolchain	intel	2016.00	SYSTEM	SYSTEM		easybuild-cloned-repositories/easybuild-easyconfigs/easybuild/easyconfigs/i/intel/intel-2016.00.eb
easybuild-cloned-repositories/easybuild-easyconfigs/easybuild/easyconfigs/i	toolchain	intel	2016.01	SYSTEM	SYSTEM		easybuild-cloned-repositories/easybuild-easyconfigs/easybuild/easyconfigs/i/intel/intel-2016.01.eb
easybuild-cloned-repositories/easybuild-easyconfigs/easybuild/easyconfigs/i	toolchain	intel	2016.02	SYSTEM	SYSTEM	-GCC-4.9	easybuild-cloned-repositories/easybuild-easyconfigs/easybuild/easyconfigs/i/intel/intel-2016.02-GCC-4.9.eb
easybuild-cloned-repositories/easybuild-easyconfigs/easybuild/easyconfigs/i	toolchain	intel	2016.02	SYSTEM	SYSTEM	-GCC-5.3	easybuild-cloned-repositories/easybuild-easyconfigs/easybuild/easyconfigs/i/intel/intel-2016.02-GCC-5.3.eb
easybuild-cloned-repositories/easybuild-easyconfigs/easybuild/easyconfigs/i	toolchain	intel	2016.03	SYSTEM	SYSTEM	-GCC-4.9	easybuild-cloned-repositories/easybuild-easyconfigs/easybuild/easyconfigs/i/intel/intel-2016.03-GCC-4.9.eb
easybuild-cloned-repositories/easybuild-easyconfigs/easybuild/easyconfigs/i	toolchain	intel	2016.03	SYSTEM	SYSTEM	-GCC-5.3	easybuild-cloned-repositories/easybuild-easyconfigs/easybuild/easyconfigs/i/intel/intel-2016.03-GCC-5.3.eb
easybuild-cloned-repositories/easybuild-easyconfigs/easybuild/easyconfigs/i	toolchain	intel	2016.03	SYSTEM	SYSTEM	-GCC-5.4	easybuild-cloned-repositories/easybuild-easyconfigs/easybuild/easyconfigs/i/intel/intel-2016.03-GCC-5.4.eb
easybuild-cloned-repositories/easybuild-easyconfigs/easybuild/easyconfigs/i	toolchain	intel	2016a	SYSTEM	SYSTEM		easybuild-cloned-repositories/easybuild-easyconfigs/easybuild/easyconfigs/i/intel/intel-2016a.eb
easybuild-cloned-repositories/easybuild-easyconfigs/easybuild/easyconfigs/i	toolchain	intel	2016b	SYSTEM	SYSTEM		easybuild-cloned-repositories/easybuild-easyconfigs/easybuild/easyconfigs/i/intel/intel-2016b.eb
easybuild-cloned-repositories/easybuild-easyconfigs/easybuild/easyconfigs/i	toolchain	intel	2017.00	SYSTEM	SYSTEM		easybuild-cloned-repositories/easybuild-easyconfigs/easybuild/easyconfigs/i/intel/intel-2017.00.eb
easybuild-cloned-repositories/easybuild-easyconfigs/easybuild/easyconfigs/i	toolchain	intel	2017.01	SYSTEM	SYSTEM		easybuild-cloned-repositories/easybuild-easyconfigs/easybuild/easyconfigs/i/intel/intel-2017.01.eb
easybuild-cloned-repositories/easybuild-easyconfigs/easybuild/easyconfigs/i	toolchain	intel	2017.02	SYSTEM	SYSTEM		easybuild-cloned-repositories/easybuild-easyconfigs/easybuild/easyconfigs/i/intel/intel-2017.02.eb
easybuild-cloned-repositories/easybuild-easyconfigs/easybuild/easyconfigs/i	toolchain	intel	2017.09	SYSTEM	SYSTEM		easybuild-cloned-repositories/easybuild-easyconfigs/easybuild/easyconfigs/i/intel/intel-2017.09.eb
easybuild-cloned-repositories/easybuild-easyconfigs/easybuild/easyconfigs/i	toolchain	intel	2017a	SYSTEM	SYSTEM		easybuild-cloned-repositories/easybuild-easyconfigs/easybuild/easyconfigs/i/intel/intel-2017a.eb
easybuild-cloned-repositories/easybuild-easyconfigs/easybuild/easyconfigs/i	toolchain	intel	2017b	SYSTEM	SYSTEM		easybuild-cloned-repositories/easybuild-easyconfigs/easybuild/easyconfigs/i/intel/intel-2017b.eb
easybuild-cloned-repositories/easybuild-easyconfigs/easybuild/easyconfigs/i	toolchain	intel	2018.00	SYSTEM	SYSTEM		easybuild-cloned-repositories/easybuild-easyconfigs/easybuild/easyconfigs/i/intel/intel-2018.00.eb
easybuild-cloned-repositories/easybuild-easyconfigs/easybuild/easyconfigs/i	toolchain	intel	2018.01	SYSTEM	SYSTEM		easybuild-cloned-repositories/easybuild-easyconfigs/easybuild/easyconfigs/i/intel/intel-2018.01.eb
easybuild-cloned-repositories/easybuild-easyconfigs/easybuild/easyconfigs/i	toolchain	intel	2018.02	SYSTEM	SYSTEM		easybuild-cloned-repositories/easybuild-easyconfigs/easybuild/easyconfigs/i/intel/intel-2018.02.eb
easybuild-cloned-repositories/easybuild-easyconfigs/easybuild/easyconfigs/i	toolchain	intel	2018.04	SYSTEM	SYSTEM		easybuild-cloned-repositories/easybuild-easyconfigs/easybuild/easyconfigs/i/intel/intel-2018.04.eb
easybuild-cloned-repositories/easybuild-easyconfigs/easybuild/easyconfigs/i	toolchain	intel	2018a	SYSTEM	SYSTEM		easybuild-cloned-repositories/easybuild-easyconfigs/easybuild/easyconfigs/i/intel/intel-2018a.eb
easybuild-cloned-repositories/easybuild-easyconfigs/easybuild/easyconfigs/i	toolchain	intel	2018b	SYSTEM	SYSTEM		easybuild-cloned-repositories/easybuild-easyconfigs/easybuild/easyconfigs/i/intel/intel-2018b.eb
easybuild-cloned-repositories/easybuild-easyconfigs/easybuild/easyconfigs/i	toolchain	intel	2019.00	SYSTEM	SYSTEM		easybuild-cloned-repositories/easybuild-easyconfigs/easybuild/easyconfigs/i/intel/intel-2019.00.eb
easybuild-cloned-repositories/easybuild-easyconfigs/easybuild/easyconfigs/i	toolchain	intel	2019.01	SYSTEM	SYSTEM		easybuild-cloned-repositories/easybuild-easyconfigs/easybuild/easyconfigs/i/intel/intel-2019.01.eb
easybuild-cloned-repositories/easybuild-easyconfigs/easybuild/easyconfigs/i	toolchain	intel	2019.02	SYSTEM	SYSTEM		easybuild-cloned-repositories/easybuild-easyconfigs/easybuild/easyconfigs/i/intel/intel-2019.02.eb
easybuild-cloned-repositories/easybuild-easyconfigs/easybuild/easyconfigs/i	toolchain	intel	2019.03	SYSTEM	SYSTEM		easybuild-cloned-repositories/easybuild-easyconfigs/easybuild/easyconfigs/i/intel/intel-2019.03.eb
easybuild-cloned-repositories/easybuild-easyconfigs/easybuild/easyconfigs/i	toolchain	intel	2019a	SYSTEM	SYSTEM		easybuild-cloned-repositories/easybuild-easyconfigs/easybuild/easyconfigs/i/intel/intel-2019a.eb
easybuild-cloned-repositories/easybuild-easyconfigs/easybuild/easyconfigs/i	toolchain	intel	2019b	SYSTEM	SYSTEM		easybuild-cloned-repositories/easybuild-easyconfigs/easybuild/easyconfigs/i/intel/intel-2019b.eb
easybuild-cloned-repositories/easybuild-easyconfigs/easybuild/easyconfigs/i	toolchain	intel	2020.00	SYSTEM	SYSTEM		easybuild-cloned-repositories/easybuild-easyconfigs/easybuild/easyconfigs/i/intel/intel-2020.00.eb
easybuild-cloned-repositories/easybuild-easyconfigs/easybuild/easyconfigs/i	toolchain	intel	2020.06-impi-18.5	SYSTEM	SYSTEM		easybuild-cloned-repositories/easybuild-easyconfigs/easybuild/easyconfigs/i/intel/intel-2020.06-impi-18.5.eb
easybuild-cloned-repositories/easybuild-easyconfigs/easybuild/easyconfigs/i	toolchain	intel	2020.12	SYSTEM	SYSTEM		easybuild-cloned-repositories/easybuild-easyconfigs/easybuild/easyconfigs/i/intel/intel-2020.12.eb
easybuild-cloned-repositories/easybuild-easyconfigs/easybuild/easyconfigs/i	toolchain	intel	2020a	SYSTEM	SYSTEM		easybuild-cloned-repositories/easybuild-easyconfigs/easybuild/easyconfigs/i/intel/intel-2020a.eb
easybuild-cloned-repositories/easybuild-easyconfigs/easybuild/easyconfigs/i	toolchain	intel	2020b	SYSTEM	SYSTEM		easybuild-cloned-repositories/easybuild-easyconfigs/easybuild/easyconfigs/i/intel/intel-2020b.eb
easybuild-cloned-repositories/easybuild-easyconfigs/easybuild/easyconfigs/i	toolchain	intel	2021a	SYSTEM	SYSTEM		easybuild-cloned-repositories/easybuild-easyconfigs/easybuild/easyconfigs/i/intel/intel-2021a.eb
easybuild-cloned-repositories/easybuild-easyconfigs/easybuild/easyconfigs/i	toolchain	intel	2021b	SYSTEM	SYSTEM		easybuild-cloned-repositories/easybuild-easyconfigs/easybuild/easyconfigs/i/intel/intel-2021b.eb
easybuild-cloned-repositories/easybuild-easyconfigs/easybuild/easyconfigs/i	toolchain	intel	2022.00	SYSTEM	SYSTEM		easybuild-cloned-repositories/easybuild-easyconfigs/easybuild/easyconfigs/i/intel/intel-2022.00.eb
easybuild-cloned-repositories/easybuild-easyconfigs/easybuild/easyconfigs/i	toolchain	intel	2022.05	SYSTEM	SYSTEM		easybuild-cloned-repositories/easybuild-easyconfigs/easybuild/easyconfigs/i/intel/intel-2022.05.eb
easybuild-cloned-repositories/easybuild-easyconfigs/easybuild/easyconfigs/i	toolchain	intel	2022.09	SYSTEM	SYSTEM		easybuild-cloned-repositories/easybuild-easyconfigs/easybuild/easyconfigs/i/intel/intel-2022.09.eb
easybuild-cloned-repositories/easybuild-easyconfigs/easybuild/easyconfigs/i	toolchain	intel	2022.11	SYSTEM	SYSTEM		easybuild-cloned-repositories/easybuild-easyconfigs/easybuild/easyconfigs/i/intel/intel-2022.11.eb
easybuild-cloned-repositories/easybuild-easyconfigs/easybuild/easyconfigs/i	toolchain	intel	2022.12	SYSTEM	SYSTEM		easybuild-cloned-repositories/easybuild-easyconfigs/easybuild/easyconfigs/i/intel/intel-2022.12.eb
easybuild-cloned-repositories/easybuild-easyconfigs/easybuild/easyconfigs/i	toolchain	intel	2022a	SYSTEM	SYSTEM		easybuild-cloned-repositories/easybuild-easyconfigs/easybuild/easyconfigs/i/intel/intel-2022a.eb
easybuild-cloned-repositories/easybuild-easyconfigs/easybuild/easyconfigs/i	toolchain	intel	2022b	SYSTEM	SYSTEM		easybuild-cloned-repositories/easybuild-easyconfigs/easybuild/easyconfigs/i/intel/intel-2022b.eb
easybuild-cloned-repositories/easybuild-easyconfigs/easybuild/easyconfigs/i	toolchain	intel	2023.03	SYSTEM	SYSTEM		easybuild-cloned-repositories/easybuild-easyconfigs/easybuild/easyconfigs/i/intel/intel-2023.03.eb
easybuild-cloned-repositories/easybuild-easyconfigs/easybuild/easyconfigs/i	toolchain	intel	2023.07	SYSTEM	SYSTEM		easybuild-cloned-repositories/easybuild-easyconfigs/easybuild/easyconfigs/i/intel/intel-2023.07.eb
easybuild-cloned-repositories/easybuild-easyconfigs/easybuild/easyconfigs/i	toolchain	intel	2023.11	SYSTEM	SYSTEM		easybuild-cloned-repositories/easybuild-easyconfigs/easybuild/easyconfigs/i/intel/intel-2023.11.eb
easybuild-cloned-repositories/easybuild-easyconfigs/easybuild/easyconfigs/i	toolchain	intel	2023a	SYSTEM	SYSTEM		easybuild-cloned-repositories/easybuild-easyconfigs/easybuild/easyconfigs/i/intel/intel-2023a.eb
easybuild-cloned-repositories/easybuild-easyconfigs/easybuild/easyconfigs/i	toolchain	intel	2023b	SYSTEM	SYSTEM		easybuild-cloned-repositories/easybuild-easyconfigs/easybuild/easyconfigs/i/intel/intel-2023b.eb
easybuild-cloned-repositories/easybuild-easyconfigs/easybuild/easyconfigs/i	toolchain	intelcuda	2016.10	SYSTEM	SYSTEM		easybuild-cloned-repositories/easybuild-easyconfigs/easybuild/easyconfigs/i/intelcuda/intelcuda-2016.10.eb
easybuild-cloned-repositories/easybuild-easyconfigs/easybuild/easyconfigs/i	toolchain	intelcuda	2017b	SYSTEM	SYSTEM		easybuild-cloned-repositories/easybuild-easyconfigs/easybuild/easyconfigs/i/intelcuda/intelcuda-2017b.eb
easybuild-cloned-repositories/easybuild-easyconfigs/easybuild/easyconfigs/i	toolchain	intelcuda	2019a	SYSTEM	SYSTEM		easybuild-cloned-repositories/easybuild-easyconfigs/easybuild/easyconfigs/i/intelcuda/intelcuda-2019a.eb
easybuild-cloned-repositories/easybuild-easyconfigs/easybuild/easyconfigs/i	toolchain	intelcuda	2019b	SYSTEM	SYSTEM		easybuild-cloned-repositories/easybuild-easyconfigs/easybuild/easyconfigs/i/intelcuda/intelcuda-2019b.eb
easybuild-cloned-repositories/easybuild-easyconfigs/easybuild/easyconfigs/i	toolchain	intelcuda	2020a	SYSTEM	SYSTEM		easybuild-cloned-repositories/easybuild-easyconfigs/easybuild/easyconfigs/i/intelcuda/intelcuda-2020a.eb
easybuild-cloned-repositories/easybuild-easyconfigs/easybuild/easyconfigs/i	toolchain	intelcuda	2020b	SYSTEM	SYSTEM		easybuild-cloned-repositories/easybuild-easyconfigs/easybuild/easyconfigs/i/intelcuda/intelcuda-2020b.eb
easybuild-cloned-repositories/easybuild-easyconfigs/easybuild/easyconfigs/i	toolchain	iomkl	2016.07	SYSTEM	SYSTEM		easybuild-cloned-repositories/easybuild-easyconfigs/easybuild/easyconfigs/i/iomkl/iomkl-2016.07.eb
easybuild-cloned-repositories/easybuild-easyconfigs/easybuild/easyconfigs/i	toolchain	iomkl	2016.09-GCC-4.9.3-2.25	SYSTEM	SYSTEM		easybuild-cloned-repositories/easybuild-easyconfigs/easybuild/easyconfigs/i/iomkl/iomkl-2016.09-GCC-4.9.3-2.25.eb
easybuild-cloned-repositories/easybuild-easyconfigs/easybuild/easyconfigs/i	toolchain	iomkl	2016.09-GCC-5.4.0-2.26	SYSTEM	SYSTEM		easybuild-cloned-repositories/easybuild-easyconfigs/easybuild/easyconfigs/i/iomkl/iomkl-2016.09-GCC-5.4.0-2.26.eb
easybuild-cloned-repositories/easybuild-easyconfigs/easybuild/easyconfigs/i	toolchain	iomkl	2017.01	SYSTEM	SYSTEM		easybuild-cloned-repositories/easybuild-easyconfigs/easybuild/easyconfigs/i/iomkl/iomkl-2017.01.eb
easybuild-cloned-repositories/easybuild-easyconfigs/easybuild/easyconfigs/i	toolchain	iomkl	2017a	SYSTEM	SYSTEM		easybuild-cloned-repositories/easybuild-easyconfigs/easybuild/easyconfigs/i/iomkl/iomkl-2017a.eb
easybuild-cloned-repositories/easybuild-easyconfigs/easybuild/easyconfigs/i	toolchain	iomkl	2017b	SYSTEM	SYSTEM		easybuild-cloned-repositories/easybuild-easyconfigs/easybuild/easyconfigs/i/iomkl/iomkl-2017b.eb
easybuild-cloned-repositories/easybuild-easyconfigs/easybuild/easyconfigs/i	toolchain	iomkl	2018.02	SYSTEM	SYSTEM		easybuild-cloned-repositories/easybuild-easyconfigs/easybuild/easyconfigs/i/iomkl/iomkl-2018.02.eb
easybuild-cloned-repositories/easybuild-easyconfigs/easybuild/easyconfigs/i	toolchain	iomkl	2018a	SYSTEM	SYSTEM		easybuild-cloned-repositories/easybuild-easyconfigs/easybuild/easyconfigs/i/iomkl/iomkl-2018a.eb
easybuild-cloned-repositories/easybuild-easyconfigs/easybuild/easyconfigs/i	toolchain	iomkl	2018b	SYSTEM	SYSTEM		easybuild-cloned-repositories/easybuild-easyconfigs/easybuild/easyconfigs/i/iomkl/iomkl-2018b.eb
easybuild-cloned-repositories/easybuild-easyconfigs/easybuild/easyconfigs/i	toolchain	iomkl	2019.01	SYSTEM	SYSTEM		easybuild-cloned-repositories/easybuild-easyconfigs/easybuild/easyconfigs/i/iomkl/iomkl-2019.01.eb
easybuild-cloned-repositories/easybuild-easyconfigs/easybuild/easyconfigs/i	toolchain	iomkl	2019b	SYSTEM	SYSTEM		easybuild-cloned-repositories/easybuild-easyconfigs/easybuild/easyconfigs/i/iomkl/iomkl-2019b.eb
easybuild-cloned-repositories/easybuild-easyconfigs/easybuild/easyconfigs/i	toolchain	iomkl	2020a	SYSTEM	SYSTEM		easybuild-cloned-repositories/easybuild-easyconfigs/easybuild/easyconfigs/i/iomkl/iomkl-2020a.eb
easybuild-cloned-repositories/easybuild-easyconfigs/easybuild/easyconfigs/i	toolchain	iomkl	2020b	SYSTEM	SYSTEM		easybuild-cloned-repositories/easybuild-easyconfigs/easybuild/easyconfigs/i/iomkl/iomkl-2020b.eb
easybuild-cloned-repositories/easybuild-easyconfigs/easybuild/easyconfigs/i	toolchain	iomkl	2021a	SYSTEM	SYSTEM		easybuild-cloned-repositories/easybuild-easyconfigs/easybuild/easyconfigs/i/iomkl/iomkl-2021a.eb
easybuild-cloned-repositories/easybuild-easyconfigs/easybuild/easyconfigs/i	toolchain	iomkl	2021b	SYSTEM	SYSTEM		easybuild-cloned-repositories/easybuild-easyconfigs/easybuild/easyconfigs/i/iomkl/iomkl-2021b.eb
easybuild-cloned-repositories/easybuild-easyconfigs/easybuild/easyconfigs/i	toolchain	iompi	2016.07	SYSTEM	SYSTEM		easybuild-cloned-repositories/easybuild-easyconfigs/easybuild/easyconfigs/i/iompi/iompi-2016.07.eb
easybuild-cloned-repositories/easybuild-easyconfigs/easybuild/easyconfigs/i	toolchain	iompi	2016.09-GCC-4.9.3-2.25	SYSTEM	SYSTEM		easybuild-cloned-repositories/easybuild-easyconfigs/easybuild/easyconfigs/i/iompi/iompi-2016.09-GCC-4.9.3-2.25.eb
easybuild-cloned-repositories/easybuild-easyconfigs/easybuild/easyconfigs/i	toolchain	iompi	2016.09-GCC-5.4.0-2.26	SYSTEM	SYSTEM		easybuild-cloned-repositories/easybuild-easyconfigs/easybuild/easyconfigs/i/iompi/iompi-2016.09-GCC-5.4.0-2.26.eb
easybuild-cloned-repositories/easybuild-easyconfigs/easybuild/easyconfigs/i	toolchain	iompi	2017.01	SYSTEM	SYSTEM		easybuild-cloned-repositories/easybuild-easyconfigs/easybuild/easyconfigs/i/iompi/iompi-2017.01.eb
easybuild-cloned-repositories/easybuild-easyconfigs/easybuild/easyconfigs/i	toolchain	iompi	2017a	SYSTEM	SYSTEM		easybuild-cloned-repositories/easybuild-easyconfigs/easybuild/easyconfigs/i/iompi/iompi-2017a.eb
easybuild-cloned-repositories/easybuild-easyconfigs/easybuild/easyconfigs/i	toolchain	iompi	2017b	SYSTEM	SYSTEM		easybuild-cloned-repositories/easybuild-easyconfigs/easybuild/easyconfigs/i/iompi/iompi-2017b.eb
easybuild-cloned-repositories/easybuild-easyconfigs/easybuild/easyconfigs/i	toolchain	iompi	2018.02	SYSTEM	SYSTEM		easybuild-cloned-repositories/easybuild-easyconfigs/easybuild/easyconfigs/i/iompi/iompi-2018.02.eb
easybuild-cloned-repositories/easybuild-easyconfigs/easybuild/easyconfigs/i	toolchain	iompi	2018a	SYSTEM	SYSTEM		easybuild-cloned-repositories/easybuild-easyconfigs/easybuild/easyconfigs/i/iompi/iompi-2018a.eb
easybuild-cloned-repositories/easybuild-easyconfigs/easybuild/easyconfigs/i	toolchain	iompi	2018b	SYSTEM	SYSTEM		easybuild-cloned-repositories/easybuild-easyconfigs/easybuild/easyconfigs/i/iompi/iompi-2018b.eb
easybuild-cloned-repositories/easybuild-easyconfigs/easybuild/easyconfigs/i	toolchain	iompi	2019.01	SYSTEM	SYSTEM		easybuild-cloned-repositories/easybuild-easyconfigs/easybuild/easyconfigs/i/iompi/iompi-2019.01.eb
easybuild-cloned-repositories/easybuild-easyconfigs/easybuild/easyconfigs/i	toolchain	iompi	2019b	SYSTEM	SYSTEM		easybuild-cloned-repositories/easybuild-easyconfigs/easybuild/easyconfigs/i/iompi/iompi-2019b.eb
easybuild-cloned-repositories/easybuild-easyconfigs/easybuild/easyconfigs/i	toolchain	iompi	2020a	SYSTEM	SYSTEM		easybuild-cloned-repositories/easybuild-easyconfigs/easybuild/easyconfigs/i/iompi/iompi-2020a.eb
easybuild-cloned-repositories/easybuild-easyconfigs/easybuild/easyconfigs/i	toolchain	iompi	2020b	SYSTEM	SYSTEM		easybuild-cloned-repositories/easybuild-easyconfigs/easybuild/easyconfigs/i/iompi/iompi-2020b.eb
easybuild-cloned-repositories/easybuild-easyconfigs/easybuild/easyconfigs/i	toolchain	iompi	2021a	SYSTEM	SYSTEM		easybuild-cloned-repositories/easybuild-easyconfigs/easybuild/easyconfigs/i/iompi/iompi-2021a.eb
easybuild-cloned-repositories/easybuild-easyconfigs/easybuild/easyconfigs/i	toolchain	iompi	2021b	SYSTEM	SYSTEM		easybuild-cloned-repositories/easybuild-easyconfigs/easybuild/easyconfigs/i/iompi/iompi-2021b.eb
easybuild-cloned-repositories/easybuild-easyconfigs/easybuild/easyconfigs/n	toolchain	nvofbf	2022.07	SYSTEM	SYSTEM		easybuild-cloned-repositories/easybuild-easyconfigs/easybuild/easyconfigs/n/nvofbf/nvofbf-2022.07.eb
easybuild-cloned-repositories/easybuild-easyconfigs/easybuild/easyconfigs/n	toolchain	nvompi	2022.07	SYSTEM	SYSTEM		easybuild-cloned-repositories/easybuild-easyconfigs/easybuild/easyconfigs/n/nvompi/nvompi-2022.07.eb
easybuild-cloned-repositories/easybuild-easyconfigs/easybuild/easyconfigs/p	toolchain	pomkl	2016.03	SYSTEM	SYSTEM		easybuild-cloned-repositories/easybuild-easyconfigs/easybuild/easyconfigs/p/pomkl/pomkl-2016.03.eb
easybuild-cloned-repositories/easybuild-easyconfigs/easybuild/easyconfigs/p	toolchain	pomkl	2016.04	SYSTEM	SYSTEM		easybuild-cloned-repositories/easybuild-easyconfigs/easybuild/easyconfigs/p/pomkl/pomkl-2016.04.eb
easybuild-cloned-repositories/easybuild-easyconfigs/easybuild/easyconfigs/p	toolchain	pomkl	2016.09	SYSTEM	SYSTEM		easybuild-cloned-repositories/easybuild-easyconfigs/easybuild/easyconfigs/p/pomkl/pomkl-2016.09.eb
easybuild-cloned-repositories/easybuild-easyconfigs/easybuild/easyconfigs/p	toolchain	pompi	2016.03	SYSTEM	SYSTEM		easybuild-cloned-repositories/easybuild-easyconfigs/easybuild/easyconfigs/p/pompi/pompi-2016.03.eb
easybuild-cloned-repositories/easybuild-easyconfigs/easybuild/easyconfigs/p	toolchain	pompi	2016.04	SYSTEM	SYSTEM		easybuild-cloned-repositories/easybuild-easyconfigs/easybuild/easyconfigs/p/pompi/pompi-2016.04.eb
easybuild-cloned-repositories/easybuild-easyconfigs/easybuild/easyconfigs/p	toolchain	pompi	2016.09	SYSTEM	SYSTEM		easybuild-cloned-repositories/easybuild-easyconfigs/easybuild/easyconfigs/p/pompi/pompi-2016.09.eb
